{
    "inputMaximaMinima": [
        {
            "first": 0.1011115238070488,
            "second": 99.20259094238281
        },
        {
            "first": 0.004971519578248262,
            "second": 99.92337036132813
        },
        {
            "first": 0.07366985082626343,
            "second": 69.87496185302734
        }
    ],
    "outputMaximaMinima": [
        {
            "first": 14.166964530944824,
            "second": 127.20729064941406
        },
        {
            "first": 33.15471267700195,
            "second": 256.7474060058594
        }
    ]
}