{
    "inputMaximaMinima": [
        {
            "first": 0.0011109530460089445,
            "second": 0.99172443151474
        }
    ],
    "outputMaximaMinima": [
        {
            "first": 1.2342167110546143e-06,
            "second": 0.9835173487663269
        }
    ]
}